JobRole_ID,Competency_ID,Weight
1,1,0.18401108725190754
1,3,0.44187216556066256
1,4,0.3948372747957525
2,5,0.3368216004579506
2,6,0.14334368385302887
2,5,0.12766318500007887
3,4,0.46531954902140416
3,2,0.3947982867416545
3,8,0.14480797461513242
4,5,0.2507617540511804
4,1,0.35278423769007294
4,8,0.45616808384858687
5,4,0.21330546684381035
5,7,0.43213517338238583
5,1,0.40695717532246
